Changes made at Sat Aug  9 05:58:18 UTC 2025
Changes made at Sat Aug  9 06:00:13 UTC 2025
Changes made at Sat Aug  9 06:01:25 UTC 2025
Changes made at Sat Aug  9 06:10:34 UTC 2025
Changes made at Sat Aug  9 08:14:07 UTC 2025
Changes made at Sat Aug  9 08:15:15 UTC 2025
Changes made at Sat Aug  9 10:11:03 UTC 2025
Changes made at Sat Aug  9 14:10:13 UTC 2025
Changes made at Sat Aug  9 16:12:55 UTC 2025
Changes made at Sun Aug 10 08:14:16 UTC 2025
Changes made at Sun Aug 10 10:11:42 UTC 2025
Changes made at Sun Aug 10 14:10:09 UTC 2025
Changes made at Sun Aug 10 16:13:05 UTC 2025
Changes made at Mon Aug 11 08:18:02 UTC 2025
Changes made at Mon Aug 11 10:13:28 UTC 2025
Changes made at Mon Aug 11 14:14:02 UTC 2025
Changes made at Mon Aug 11 16:14:48 UTC 2025
Changes made at Tue Aug 12 08:16:11 UTC 2025
Changes made at Tue Aug 12 10:12:54 UTC 2025
Changes made at Tue Aug 12 14:12:10 UTC 2025
Changes made at Tue Aug 12 16:14:22 UTC 2025
Changes made at Wed Aug 13 08:15:53 UTC 2025
Changes made at Wed Aug 13 10:12:40 UTC 2025
Changes made at Wed Aug 13 14:12:39 UTC 2025
Changes made at Wed Aug 13 16:11:15 UTC 2025
Changes made at Thu Aug 14 08:16:19 UTC 2025
Changes made at Thu Aug 14 10:12:55 UTC 2025
Changes made at Thu Aug 14 14:11:48 UTC 2025
Changes made at Thu Aug 14 16:14:54 UTC 2025
Changes made at Fri Aug 15 08:15:49 UTC 2025
Changes made at Fri Aug 15 10:12:10 UTC 2025
Changes made at Fri Aug 15 14:11:20 UTC 2025
Changes made at Fri Aug 15 16:13:34 UTC 2025
Changes made at Sat Aug 16 08:13:58 UTC 2025
Changes made at Sat Aug 16 10:10:37 UTC 2025
Changes made at Sat Aug 16 14:09:18 UTC 2025
Changes made at Sat Aug 16 16:12:01 UTC 2025
Changes made at Sun Aug 17 07:54:27 UTC 2025
Changes made at Sun Aug 17 07:58:04 UTC 2025
Changes made at Sun Aug 17 08:08:37 UTC 2025
Changes made at Sun Aug 17 08:14:27 UTC 2025
Changes made at Sun Aug 17 08:16:29 UTC 2025
Changes made at Sun Aug 17 08:17:10 UTC 2025
Changes made at Sun Aug 17 10:11:08 UTC 2025
Changes made at Sun Aug 17 11:01:38 UTC 2025
Changes made at Sun Aug 17 11:04:34 UTC 2025
Changes made at Sun Aug 17 20:47:56 UTC 2025
Changes made at Sun Aug 17 23:46:03 UTC 2025
Changes made at Mon Aug 18 04:57:35 UTC 2025
Changes made at Mon Aug 18 10:54:08 UTC 2025
Changes made at Mon Aug 18 20:46:27 UTC 2025
Changes made at Mon Aug 18 23:43:27 UTC 2025
Changes made at Tue Aug 19 04:00:03 UTC 2025
Changes made at Tue Aug 19 10:51:08 UTC 2025
Changes made at Tue Aug 19 20:45:52 UTC 2025
Changes made at Tue Aug 19 23:43:04 UTC 2025
Changes made at Wed Aug 20 03:59:21 UTC 2025
Changes made at Wed Aug 20 10:50:03 UTC 2025
Changes made at Wed Aug 20 20:48:16 UTC 2025
Changes made at Wed Aug 20 23:43:04 UTC 2025
Changes made at Thu Aug 21 03:58:56 UTC 2025
Changes made at Thu Aug 21 10:49:46 UTC 2025
Changes made at Thu Aug 21 20:46:39 UTC 2025
Changes made at Thu Aug 21 23:43:23 UTC 2025
Changes made at Fri Aug 22 03:58:24 UTC 2025
Changes made at Fri Aug 22 10:48:27 UTC 2025
Changes made at Fri Aug 22 20:45:59 UTC 2025
Changes made at Fri Aug 22 23:41:58 UTC 2025
Changes made at Sat Aug 23 03:54:05 UTC 2025
Changes made at Sat Aug 23 10:44:16 UTC 2025
Changes made at Sat Aug 23 20:43:17 UTC 2025
Changes made at Sat Aug 23 23:42:23 UTC 2025
Changes made at Sun Aug 24 04:41:54 UTC 2025
Changes made at Sun Aug 24 10:44:31 UTC 2025
Changes made at Sun Aug 24 20:44:18 UTC 2025
Changes made at Sun Aug 24 23:43:34 UTC 2025
Changes made at Mon Aug 25 04:44:28 UTC 2025
Changes made at Mon Aug 25 10:51:00 UTC 2025
Changes made at Mon Aug 25 20:46:40 UTC 2025
Changes made at Mon Aug 25 23:43:27 UTC 2025
Changes made at Tue Aug 26 03:59:41 UTC 2025
Changes made at Tue Aug 26 10:51:08 UTC 2025
Changes made at Tue Aug 26 20:45:02 UTC 2025
Changes made at Tue Aug 26 23:41:00 UTC 2025
Changes made at Wed Aug 27 03:53:22 UTC 2025
Changes made at Wed Aug 27 10:46:32 UTC 2025
Changes made at Wed Aug 27 20:46:22 UTC 2025
Changes made at Wed Aug 27 23:40:19 UTC 2025
Changes made at Thu Aug 28 03:53:20 UTC 2025
Changes made at Thu Aug 28 10:47:20 UTC 2025
Changes made at Thu Aug 28 20:44:44 UTC 2025
Changes made at Thu Aug 28 23:40:57 UTC 2025
Changes made at Fri Aug 29 03:53:13 UTC 2025
Changes made at Fri Aug 29 10:45:56 UTC 2025
Changes made at Fri Aug 29 20:43:27 UTC 2025
Changes made at Fri Aug 29 23:39:54 UTC 2025
Changes made at Sat Aug 30 03:49:37 UTC 2025
Changes made at Sat Aug 30 10:42:20 UTC 2025
Changes made at Sat Aug 30 20:41:54 UTC 2025
Changes made at Sat Aug 30 23:41:23 UTC 2025
Changes made at Sun Aug 31 03:54:46 UTC 2025
Changes made at Sun Aug 31 10:42:19 UTC 2025
Changes made at Sun Aug 31 20:42:35 UTC 2025
Changes made at Sun Aug 31 23:41:03 UTC 2025
Changes made at Mon Sep  1 04:42:57 UTC 2025
Changes made at Mon Sep  1 10:50:00 UTC 2025
Changes made at Mon Sep  1 20:43:01 UTC 2025
Changes made at Mon Sep  1 23:41:15 UTC 2025
Changes made at Tue Sep  2 03:57:01 UTC 2025
Changes made at Tue Sep  2 10:47:47 UTC 2025
Changes made at Tue Sep  2 20:42:02 UTC 2025
Changes made at Tue Sep  2 23:40:08 UTC 2025
Changes made at Wed Sep  3 03:48:44 UTC 2025
Changes made at Wed Sep  3 10:44:48 UTC 2025
Changes made at Wed Sep  3 20:43:29 UTC 2025
Changes made at Wed Sep  3 23:39:41 UTC 2025
Changes made at Thu Sep  4 03:49:48 UTC 2025
Changes made at Thu Sep  4 10:44:30 UTC 2025
Changes made at Thu Sep  4 20:43:04 UTC 2025
Changes made at Thu Sep  4 23:40:26 UTC 2025
Changes made at Fri Sep  5 03:51:19 UTC 2025
Changes made at Fri Sep  5 10:45:12 UTC 2025
Changes made at Fri Sep  5 20:44:00 UTC 2025
Changes made at Fri Sep  5 23:40:44 UTC 2025
Changes made at Sat Sep  6 03:46:46 UTC 2025
Changes made at Sat Sep  6 10:41:07 UTC 2025
Changes made at Sat Sep  6 20:40:06 UTC 2025
Changes made at Sat Sep  6 23:39:42 UTC 2025
Changes made at Sun Sep  7 03:51:15 UTC 2025
Changes made at Sun Sep  7 10:41:27 UTC 2025
Changes made at Sun Sep  7 20:40:45 UTC 2025
Changes made at Sun Sep  7 23:40:12 UTC 2025
Changes made at Mon Sep  8 03:56:08 UTC 2025
Changes made at Mon Sep  8 10:48:48 UTC 2025
Changes made at Mon Sep  8 20:45:42 UTC 2025
Changes made at Mon Sep  8 23:41:06 UTC 2025
Changes made at Tue Sep  9 03:52:51 UTC 2025
Changes made at Tue Sep  9 10:47:19 UTC 2025
Changes made at Tue Sep  9 20:42:40 UTC 2025
Changes made at Tue Sep  9 23:40:32 UTC 2025
Changes made at Wed Sep 10 03:48:55 UTC 2025
Changes made at Wed Sep 10 10:44:36 UTC 2025
Changes made at Wed Sep 10 20:43:46 UTC 2025
Changes made at Wed Sep 10 23:39:54 UTC 2025
Changes made at Thu Sep 11 03:52:29 UTC 2025
Changes made at Thu Sep 11 10:43:54 UTC 2025
Changes made at Thu Sep 11 20:39:12 UTC 2025
Changes made at Thu Sep 11 23:39:51 UTC 2025
Changes made at Fri Sep 12 03:47:48 UTC 2025
Changes made at Fri Sep 12 10:44:33 UTC 2025
Changes made at Fri Sep 12 20:41:41 UTC 2025
Changes made at Fri Sep 12 23:40:02 UTC 2025
Changes made at Sat Sep 13 03:42:36 UTC 2025
Changes made at Sat Sep 13 10:40:53 UTC 2025
Changes made at Sat Sep 13 20:39:20 UTC 2025
Changes made at Sat Sep 13 23:39:59 UTC 2025
Changes made at Sun Sep 14 03:51:11 UTC 2025
Changes made at Sun Sep 14 10:39:26 UTC 2025
Changes made at Sun Sep 14 20:39:57 UTC 2025
Changes made at Sun Sep 14 23:40:19 UTC 2025
Changes made at Mon Sep 15 03:57:04 UTC 2025
Changes made at Mon Sep 15 10:46:19 UTC 2025
Changes made at Mon Sep 15 20:43:16 UTC 2025
Changes made at Mon Sep 15 23:39:50 UTC 2025
Changes made at Tue Sep 16 03:49:27 UTC 2025
Changes made at Tue Sep 16 10:46:05 UTC 2025
Changes made at Tue Sep 16 20:40:26 UTC 2025
Changes made at Tue Sep 16 23:38:01 UTC 2025
Changes made at Wed Sep 17 03:45:20 UTC 2025
Changes made at Wed Sep 17 10:42:51 UTC 2025
Changes made at Wed Sep 17 20:40:17 UTC 2025
Changes made at Wed Sep 17 23:37:55 UTC 2025
Changes made at Thu Sep 18 03:47:13 UTC 2025
Changes made at Thu Sep 18 10:42:22 UTC 2025
Changes made at Thu Sep 18 20:41:11 UTC 2025
Changes made at Thu Sep 18 23:38:23 UTC 2025
Changes made at Fri Sep 19 03:47:55 UTC 2025
Changes made at Fri Sep 19 10:42:12 UTC 2025
Changes made at Fri Sep 19 20:39:27 UTC 2025
Changes made at Fri Sep 19 23:37:59 UTC 2025
Changes made at Sat Sep 20 03:44:38 UTC 2025
Changes made at Sat Sep 20 10:39:39 UTC 2025
Changes made at Sat Sep 20 20:37:22 UTC 2025
Changes made at Sat Sep 20 23:37:56 UTC 2025
Changes made at Sun Sep 21 03:50:49 UTC 2025
Changes made at Sun Sep 21 10:39:29 UTC 2025
Changes made at Sun Sep 21 20:39:04 UTC 2025
Changes made at Sun Sep 21 23:38:04 UTC 2025
Changes made at Mon Sep 22 03:51:31 UTC 2025
Changes made at Mon Sep 22 10:44:32 UTC 2025
Changes made at Mon Sep 22 20:40:38 UTC 2025
Changes made at Mon Sep 22 23:37:55 UTC 2025
Changes made at Tue Sep 23 03:46:33 UTC 2025
Changes made at Tue Sep 23 10:42:56 UTC 2025
Changes made at Tue Sep 23 20:40:51 UTC 2025
Changes made at Tue Sep 23 23:37:57 UTC 2025
Changes made at Wed Sep 24 03:48:01 UTC 2025
Changes made at Wed Sep 24 10:43:06 UTC 2025
Changes made at Wed Sep 24 20:39:17 UTC 2025
Changes made at Wed Sep 24 23:37:46 UTC 2025
Changes made at Thu Sep 25 03:48:55 UTC 2025
Changes made at Thu Sep 25 10:43:01 UTC 2025
Changes made at Thu Sep 25 20:39:34 UTC 2025
Changes made at Thu Sep 25 23:38:06 UTC 2025
Changes made at Fri Sep 26 03:46:46 UTC 2025
Changes made at Fri Sep 26 10:42:28 UTC 2025
Changes made at Fri Sep 26 20:40:34 UTC 2025
Changes made at Fri Sep 26 23:37:56 UTC 2025
Changes made at Sat Sep 27 03:44:21 UTC 2025
Changes made at Sat Sep 27 10:39:09 UTC 2025
Changes made at Sat Sep 27 20:38:39 UTC 2025
Changes made at Sat Sep 27 23:38:05 UTC 2025
Changes made at Sun Sep 28 03:50:41 UTC 2025
Changes made at Sun Sep 28 10:39:27 UTC 2025
Changes made at Sun Sep 28 20:38:25 UTC 2025
Changes made at Sun Sep 28 23:38:02 UTC 2025
Changes made at Mon Sep 29 03:50:55 UTC 2025
Changes made at Mon Sep 29 10:44:37 UTC 2025
Changes made at Mon Sep 29 20:40:10 UTC 2025
Changes made at Mon Sep 29 23:38:04 UTC 2025
Changes made at Tue Sep 30 03:47:28 UTC 2025
Changes made at Tue Sep 30 10:43:26 UTC 2025
Changes made at Tue Sep 30 20:41:12 UTC 2025
Changes made at Tue Sep 30 23:37:56 UTC 2025
Changes made at Wed Oct  1 03:53:38 UTC 2025
Changes made at Wed Oct  1 10:43:21 UTC 2025
Changes made at Wed Oct  1 20:40:28 UTC 2025
Changes made at Wed Oct  1 23:38:18 UTC 2025
Changes made at Thu Oct  2 03:45:32 UTC 2025
Changes made at Thu Oct  2 10:41:14 UTC 2025
Changes made at Thu Oct  2 20:40:33 UTC 2025
Changes made at Thu Oct  2 23:38:18 UTC 2025
Changes made at Fri Oct  3 03:45:21 UTC 2025
Changes made at Fri Oct  3 10:41:13 UTC 2025
Changes made at Fri Oct  3 20:39:45 UTC 2025
Changes made at Fri Oct  3 23:37:50 UTC 2025
Changes made at Sat Oct  4 03:42:07 UTC 2025
Changes made at Sat Oct  4 10:39:13 UTC 2025
Changes made at Sat Oct  4 20:38:13 UTC 2025
Changes made at Sat Oct  4 23:37:56 UTC 2025
Changes made at Sun Oct  5 03:48:02 UTC 2025
Changes made at Sun Oct  5 10:39:05 UTC 2025
Changes made at Sun Oct  5 20:38:19 UTC 2025
Changes made at Sun Oct  5 23:37:58 UTC 2025
Changes made at Mon Oct  6 03:48:16 UTC 2025
Changes made at Mon Oct  6 10:43:10 UTC 2025
Changes made at Mon Oct  6 20:41:18 UTC 2025
Changes made at Mon Oct  6 23:37:58 UTC 2025
Changes made at Tue Oct  7 03:47:14 UTC 2025
Changes made at Tue Oct  7 10:42:47 UTC 2025
Changes made at Tue Oct  7 20:40:43 UTC 2025
Changes made at Tue Oct  7 23:37:50 UTC 2025
Changes made at Wed Oct  8 03:46:39 UTC 2025
Changes made at Wed Oct  8 10:43:19 UTC 2025
Changes made at Wed Oct  8 20:40:46 UTC 2025
Changes made at Wed Oct  8 23:38:25 UTC 2025
Changes made at Thu Oct  9 03:48:03 UTC 2025
Changes made at Thu Oct  9 10:44:18 UTC 2025
Changes made at Thu Oct  9 20:41:11 UTC 2025
Changes made at Thu Oct  9 23:38:00 UTC 2025
Changes made at Fri Oct 10 03:48:34 UTC 2025
Changes made at Fri Oct 10 10:42:44 UTC 2025
Changes made at Fri Oct 10 20:40:25 UTC 2025
Changes made at Fri Oct 10 23:37:50 UTC 2025
Changes made at Sat Oct 11 03:43:56 UTC 2025
Changes made at Sat Oct 11 10:39:52 UTC 2025
Changes made at Sat Oct 11 20:37:50 UTC 2025
Changes made at Sat Oct 11 23:38:27 UTC 2025
Changes made at Sun Oct 12 03:47:30 UTC 2025
Changes made at Sun Oct 12 10:39:43 UTC 2025
Changes made at Sun Oct 12 20:38:57 UTC 2025
Changes made at Sun Oct 12 23:38:10 UTC 2025
Changes made at Mon Oct 13 03:53:54 UTC 2025
Changes made at Mon Oct 13 10:44:59 UTC 2025
Changes made at Mon Oct 13 20:40:32 UTC 2025
Changes made at Mon Oct 13 23:38:32 UTC 2025
Changes made at Tue Oct 14 03:48:14 UTC 2025
Changes made at Tue Oct 14 10:44:21 UTC 2025
Changes made at Tue Oct 14 20:41:12 UTC 2025
Changes made at Tue Oct 14 23:37:43 UTC 2025
Changes made at Wed Oct 15 03:50:24 UTC 2025
Changes made at Wed Oct 15 10:45:47 UTC 2025
Changes made at Wed Oct 15 20:42:20 UTC 2025
Changes made at Wed Oct 15 23:37:46 UTC 2025
Changes made at Thu Oct 16 03:50:32 UTC 2025
Changes made at Thu Oct 16 10:44:20 UTC 2025
Changes made at Thu Oct 16 20:41:19 UTC 2025
Changes made at Thu Oct 16 23:38:13 UTC 2025
Changes made at Fri Oct 17 03:48:30 UTC 2025
Changes made at Fri Oct 17 10:43:06 UTC 2025
Changes made at Fri Oct 17 20:40:45 UTC 2025
Changes made at Fri Oct 17 23:37:44 UTC 2025
Changes made at Sat Oct 18 03:44:59 UTC 2025
Changes made at Sat Oct 18 10:40:10 UTC 2025
Changes made at Sat Oct 18 20:39:17 UTC 2025
Changes made at Sat Oct 18 23:38:08 UTC 2025
Changes made at Sun Oct 19 03:56:57 UTC 2025
Changes made at Sun Oct 19 10:39:53 UTC 2025
Changes made at Sun Oct 19 20:39:37 UTC 2025
Changes made at Sun Oct 19 23:38:14 UTC 2025
Changes made at Mon Oct 20 03:58:54 UTC 2025
Changes made at Mon Oct 20 10:45:12 UTC 2025
Changes made at Mon Oct 20 20:42:53 UTC 2025
Changes made at Mon Oct 20 23:38:15 UTC 2025
Changes made at Tue Oct 21 03:50:20 UTC 2025
Changes made at Tue Oct 21 10:53:41 UTC 2025
Changes made at Tue Oct 21 20:43:25 UTC 2025
Changes made at Tue Oct 21 23:38:46 UTC 2025
Changes made at Wed Oct 22 03:55:04 UTC 2025
Changes made at Wed Oct 22 10:46:23 UTC 2025
Changes made at Wed Oct 22 20:41:08 UTC 2025
Changes made at Wed Oct 22 23:38:01 UTC 2025
Changes made at Thu Oct 23 03:49:49 UTC 2025
Changes made at Thu Oct 23 10:44:22 UTC 2025
Changes made at Thu Oct 23 20:41:12 UTC 2025
Changes made at Thu Oct 23 23:38:09 UTC 2025
Changes made at Fri Oct 24 03:48:10 UTC 2025
Changes made at Fri Oct 24 10:45:00 UTC 2025
Changes made at Fri Oct 24 20:41:47 UTC 2025
Changes made at Fri Oct 24 23:38:05 UTC 2025
Changes made at Sat Oct 25 03:49:22 UTC 2025
Changes made at Sat Oct 25 10:40:19 UTC 2025
Changes made at Sat Oct 25 20:40:12 UTC 2025
Changes made at Sat Oct 25 23:38:02 UTC 2025
Changes made at Sun Oct 26 03:52:33 UTC 2025
Changes made at Sun Oct 26 10:40:31 UTC 2025
Changes made at Sun Oct 26 20:40:33 UTC 2025
Changes made at Sun Oct 26 23:38:43 UTC 2025
Changes made at Mon Oct 27 04:03:25 UTC 2025
Changes made at Mon Oct 27 10:46:21 UTC 2025
Changes made at Mon Oct 27 20:41:17 UTC 2025
Changes made at Mon Oct 27 23:38:22 UTC 2025
Changes made at Tue Oct 28 03:53:02 UTC 2025
Changes made at Tue Oct 28 10:46:21 UTC 2025
Changes made at Tue Oct 28 20:43:54 UTC 2025
Changes made at Tue Oct 28 23:39:30 UTC 2025
Changes made at Wed Oct 29 03:59:08 UTC 2025
Changes made at Wed Oct 29 10:45:41 UTC 2025
Changes made at Wed Oct 29 20:43:19 UTC 2025
Changes made at Wed Oct 29 23:39:51 UTC 2025
Changes made at Thu Oct 30 03:54:03 UTC 2025
Changes made at Thu Oct 30 10:45:19 UTC 2025
Changes made at Thu Oct 30 20:42:16 UTC 2025
Changes made at Thu Oct 30 23:38:48 UTC 2025
Changes made at Fri Oct 31 03:55:12 UTC 2025
Changes made at Fri Oct 31 10:44:20 UTC 2025
Changes made at Fri Oct 31 20:40:32 UTC 2025
Changes made at Fri Oct 31 23:36:46 UTC 2025
Changes made at Sat Nov  1 03:53:55 UTC 2025
Changes made at Sat Nov  1 10:40:38 UTC 2025
Changes made at Sat Nov  1 20:38:53 UTC 2025
Changes made at Sat Nov  1 23:38:01 UTC 2025
Changes made at Sun Nov  2 03:56:50 UTC 2025
Changes made at Sun Nov  2 10:40:05 UTC 2025
Changes made at Sun Nov  2 20:39:12 UTC 2025
Changes made at Sun Nov  2 23:38:18 UTC 2025
Changes made at Mon Nov  3 04:01:26 UTC 2025
Changes made at Mon Nov  3 10:47:04 UTC 2025
Changes made at Mon Nov  3 20:43:00 UTC 2025
Changes made at Mon Nov  3 23:38:47 UTC 2025
Changes made at Tue Nov  4 03:53:36 UTC 2025
Changes made at Tue Nov  4 10:47:55 UTC 2025
Changes made at Tue Nov  4 20:43:30 UTC 2025
Changes made at Tue Nov  4 23:39:53 UTC 2025
Changes made at Wed Nov  5 03:56:11 UTC 2025
Changes made at Wed Nov  5 10:46:30 UTC 2025
Changes made at Wed Nov  5 20:43:47 UTC 2025
Changes made at Wed Nov  5 23:40:17 UTC 2025
Changes made at Thu Nov  6 03:58:32 UTC 2025
Changes made at Thu Nov  6 10:46:36 UTC 2025
Changes made at Thu Nov  6 20:43:12 UTC 2025
Changes made at Thu Nov  6 23:39:01 UTC 2025
Changes made at Fri Nov  7 03:54:46 UTC 2025
Changes made at Fri Nov  7 10:44:43 UTC 2025
Changes made at Fri Nov  7 20:40:22 UTC 2025
Changes made at Fri Nov  7 23:38:30 UTC 2025
Changes made at Sat Nov  8 03:49:39 UTC 2025
Changes made at Sat Nov  8 10:40:41 UTC 2025
Changes made at Sat Nov  8 20:39:08 UTC 2025
Changes made at Sat Nov  8 23:38:08 UTC 2025
Changes made at Sun Nov  9 03:55:08 UTC 2025
Changes made at Sun Nov  9 10:40:16 UTC 2025
Changes made at Sun Nov  9 20:39:53 UTC 2025
Changes made at Sun Nov  9 23:38:37 UTC 2025
Changes made at Mon Nov 10 04:01:09 UTC 2025
Changes made at Mon Nov 10 10:46:42 UTC 2025
Changes made at Mon Nov 10 20:44:38 UTC 2025
Changes made at Mon Nov 10 23:39:32 UTC 2025
Changes made at Tue Nov 11 03:57:33 UTC 2025
Changes made at Tue Nov 11 10:46:30 UTC 2025
Changes made at Tue Nov 11 20:42:19 UTC 2025
Changes made at Tue Nov 11 23:39:42 UTC 2025
Changes made at Wed Nov 12 03:55:49 UTC 2025
Changes made at Wed Nov 12 10:47:40 UTC 2025
Changes made at Wed Nov 12 20:42:54 UTC 2025
Changes made at Wed Nov 12 23:40:20 UTC 2025
Changes made at Thu Nov 13 03:59:01 UTC 2025
Changes made at Thu Nov 13 10:47:14 UTC 2025
Changes made at Thu Nov 13 20:43:44 UTC 2025
Changes made at Thu Nov 13 23:39:52 UTC 2025
Changes made at Fri Nov 14 03:56:43 UTC 2025
Changes made at Fri Nov 14 10:45:35 UTC 2025
Changes made at Fri Nov 14 20:42:41 UTC 2025
Changes made at Fri Nov 14 23:39:28 UTC 2025
Changes made at Sat Nov 15 03:51:05 UTC 2025
Changes made at Sat Nov 15 10:41:00 UTC 2025
Changes made at Sat Nov 15 20:39:38 UTC 2025
Changes made at Sat Nov 15 23:38:47 UTC 2025
Changes made at Sun Nov 16 04:00:14 UTC 2025
Changes made at Sun Nov 16 10:41:22 UTC 2025
Changes made at Sun Nov 16 20:40:51 UTC 2025
Changes made at Sun Nov 16 23:39:20 UTC 2025
Changes made at Mon Nov 17 03:59:37 UTC 2025
Changes made at Mon Nov 17 10:47:14 UTC 2025
Changes made at Mon Nov 17 20:41:14 UTC 2025
Changes made at Mon Nov 17 23:40:03 UTC 2025
Changes made at Tue Nov 18 03:55:54 UTC 2025
Changes made at Tue Nov 18 10:47:06 UTC 2025
Changes made at Tue Nov 18 23:37:24 UTC 2025
Changes made at Wed Nov 19 03:55:43 UTC 2025
Changes made at Wed Nov 19 10:46:06 UTC 2025
Changes made at Wed Nov 19 20:39:52 UTC 2025
Changes made at Wed Nov 19 23:39:15 UTC 2025
Changes made at Thu Nov 20 03:54:51 UTC 2025
Changes made at Thu Nov 20 10:45:36 UTC 2025
Changes made at Thu Nov 20 20:42:15 UTC 2025
Changes made at Thu Nov 20 23:39:43 UTC 2025
Changes made at Fri Nov 21 03:54:42 UTC 2025
Changes made at Fri Nov 21 10:45:05 UTC 2025
Changes made at Fri Nov 21 20:42:10 UTC 2025
Changes made at Fri Nov 21 23:39:07 UTC 2025
Changes made at Sat Nov 22 03:50:33 UTC 2025
Changes made at Sat Nov 22 10:40:29 UTC 2025
Changes made at Sat Nov 22 20:40:47 UTC 2025
Changes made at Sat Nov 22 23:39:30 UTC 2025
Changes made at Sun Nov 23 04:09:00 UTC 2025
Changes made at Sun Nov 23 10:41:32 UTC 2025
Changes made at Sun Nov 23 20:41:46 UTC 2025
Changes made at Sun Nov 23 23:39:24 UTC 2025
Changes made at Mon Nov 24 04:08:42 UTC 2025
Changes made at Mon Nov 24 10:47:40 UTC 2025
Changes made at Mon Nov 24 20:41:34 UTC 2025
Changes made at Mon Nov 24 23:40:19 UTC 2025
Changes made at Tue Nov 25 03:59:19 UTC 2025
Changes made at Tue Nov 25 10:49:01 UTC 2025
Changes made at Tue Nov 25 20:44:13 UTC 2025
Changes made at Tue Nov 25 23:40:03 UTC 2025
Changes made at Wed Nov 26 03:58:48 UTC 2025
Changes made at Wed Nov 26 10:48:10 UTC 2025
Changes made at Wed Nov 26 20:39:51 UTC 2025
Changes made at Wed Nov 26 23:39:40 UTC 2025
Changes made at Thu Nov 27 03:55:49 UTC 2025
Changes made at Thu Nov 27 10:46:35 UTC 2025
Changes made at Thu Nov 27 20:40:43 UTC 2025
Changes made at Thu Nov 27 23:39:43 UTC 2025
Changes made at Fri Nov 28 03:55:35 UTC 2025
Changes made at Fri Nov 28 10:45:40 UTC 2025
Changes made at Fri Nov 28 20:41:42 UTC 2025
Changes made at Fri Nov 28 23:39:30 UTC 2025
Changes made at Sat Nov 29 03:55:03 UTC 2025
Changes made at Sat Nov 29 10:42:24 UTC 2025
Changes made at Sat Nov 29 20:41:45 UTC 2025
Changes made at Sat Nov 29 23:39:23 UTC 2025
Changes made at Sun Nov 30 04:09:34 UTC 2025
Changes made at Sun Nov 30 10:41:52 UTC 2025
Changes made at Sun Nov 30 20:42:04 UTC 2025
Changes made at Sun Nov 30 23:39:46 UTC 2025
Changes made at Mon Dec  1 04:34:42 UTC 2025
Changes made at Mon Dec  1 10:49:20 UTC 2025
Changes made at Mon Dec  1 20:40:21 UTC 2025
Changes made at Mon Dec  1 23:40:58 UTC 2025
Changes made at Tue Dec  2 04:03:40 UTC 2025
Changes made at Tue Dec  2 10:47:57 UTC 2025
Changes made at Tue Dec  2 20:45:49 UTC 2025
Changes made at Tue Dec  2 23:40:13 UTC 2025
Changes made at Wed Dec  3 04:01:50 UTC 2025
Changes made at Wed Dec  3 10:49:21 UTC 2025
Changes made at Wed Dec  3 20:46:59 UTC 2025
Changes made at Wed Dec  3 23:39:42 UTC 2025
Changes made at Thu Dec  4 04:03:50 UTC 2025
Changes made at Thu Dec  4 10:48:48 UTC 2025
Changes made at Thu Dec  4 20:46:15 UTC 2025
Changes made at Thu Dec  4 23:40:30 UTC 2025
Changes made at Fri Dec  5 04:02:36 UTC 2025
Changes made at Fri Dec  5 10:46:31 UTC 2025
Changes made at Fri Dec  5 20:44:39 UTC 2025
Changes made at Fri Dec  5 23:39:35 UTC 2025
Changes made at Sat Dec  6 03:53:52 UTC 2025
Changes made at Sat Dec  6 10:42:20 UTC 2025
Changes made at Sat Dec  6 20:41:35 UTC 2025
Changes made at Sat Dec  6 23:39:32 UTC 2025
Changes made at Sun Dec  7 04:09:18 UTC 2025
Changes made at Sun Dec  7 10:41:06 UTC 2025
Changes made at Sun Dec  7 20:41:19 UTC 2025
Changes made at Sun Dec  7 23:39:17 UTC 2025
Changes made at Mon Dec  8 04:07:38 UTC 2025
Changes made at Mon Dec  8 10:48:48 UTC 2025
Changes made at Mon Dec  8 20:45:28 UTC 2025
Changes made at Mon Dec  8 23:40:30 UTC 2025
Changes made at Tue Dec  9 04:01:57 UTC 2025
Changes made at Tue Dec  9 10:49:25 UTC 2025
Changes made at Tue Dec  9 20:40:42 UTC 2025
Changes made at Tue Dec  9 23:38:54 UTC 2025
Changes made at Wed Dec 10 04:07:11 UTC 2025
Changes made at Wed Dec 10 10:50:49 UTC 2025
Changes made at Wed Dec 10 20:47:57 UTC 2025
Changes made at Wed Dec 10 23:40:02 UTC 2025
Changes made at Thu Dec 11 04:09:29 UTC 2025
Changes made at Thu Dec 11 10:49:36 UTC 2025
Changes made at Thu Dec 11 20:43:35 UTC 2025
Changes made at Thu Dec 11 23:41:10 UTC 2025
Changes made at Fri Dec 12 04:08:58 UTC 2025
Changes made at Fri Dec 12 10:48:42 UTC 2025
Changes made at Fri Dec 12 20:44:39 UTC 2025
Changes made at Fri Dec 12 23:40:25 UTC 2025
Changes made at Sat Dec 13 03:59:26 UTC 2025
Changes made at Sat Dec 13 10:43:08 UTC 2025
Changes made at Sat Dec 13 20:41:49 UTC 2025
Changes made at Sat Dec 13 23:40:12 UTC 2025
Changes made at Sun Dec 14 04:11:55 UTC 2025
Changes made at Sun Dec 14 10:43:53 UTC 2025
Changes made at Sun Dec 14 20:42:35 UTC 2025
Changes made at Sun Dec 14 23:40:00 UTC 2025
Changes made at Mon Dec 15 04:26:54 UTC 2025
Changes made at Mon Dec 15 10:51:47 UTC 2025
Changes made at Mon Dec 15 20:47:02 UTC 2025
Changes made at Mon Dec 15 23:42:14 UTC 2025
Changes made at Tue Dec 16 04:09:37 UTC 2025
Changes made at Tue Dec 16 10:50:12 UTC 2025
Changes made at Tue Dec 16 20:46:25 UTC 2025
Changes made at Tue Dec 16 23:41:40 UTC 2025
Changes made at Wed Dec 17 04:06:18 UTC 2025
Changes made at Wed Dec 17 10:49:15 UTC 2025
Changes made at Wed Dec 17 20:46:25 UTC 2025
Changes made at Wed Dec 17 23:42:21 UTC 2025
Changes made at Thu Dec 18 04:07:21 UTC 2025
Changes made at Thu Dec 18 10:48:32 UTC 2025
Changes made at Thu Dec 18 20:42:53 UTC 2025
Changes made at Thu Dec 18 23:41:44 UTC 2025
Changes made at Fri Dec 19 04:08:55 UTC 2025
Changes made at Fri Dec 19 10:47:34 UTC 2025
Changes made at Fri Dec 19 20:44:38 UTC 2025
Changes made at Fri Dec 19 23:40:34 UTC 2025
Changes made at Sat Dec 20 03:59:24 UTC 2025
Changes made at Sat Dec 20 10:43:05 UTC 2025
Changes made at Sat Dec 20 20:41:15 UTC 2025
Changes made at Sat Dec 20 23:40:12 UTC 2025
Changes made at Sun Dec 21 04:21:50 UTC 2025
Changes made at Sun Dec 21 10:44:17 UTC 2025
Changes made at Sun Dec 21 20:42:57 UTC 2025
Changes made at Sun Dec 21 23:40:47 UTC 2025
Changes made at Mon Dec 22 04:27:00 UTC 2025
Changes made at Mon Dec 22 10:47:35 UTC 2025
Changes made at Mon Dec 22 20:45:11 UTC 2025
Changes made at Mon Dec 22 23:41:41 UTC 2025
Changes made at Tue Dec 23 04:12:10 UTC 2025
Changes made at Tue Dec 23 10:49:11 UTC 2025
Changes made at Tue Dec 23 20:44:13 UTC 2025
Changes made at Tue Dec 23 23:41:32 UTC 2025
Changes made at Wed Dec 24 04:10:20 UTC 2025
Changes made at Wed Dec 24 10:47:01 UTC 2025
Changes made at Wed Dec 24 20:43:57 UTC 2025
Changes made at Wed Dec 24 23:41:39 UTC 2025
Changes made at Thu Dec 25 04:11:51 UTC 2025
Changes made at Thu Dec 25 10:46:34 UTC 2025
Changes made at Thu Dec 25 20:44:22 UTC 2025
Changes made at Thu Dec 25 23:41:31 UTC 2025
Changes made at Fri Dec 26 04:09:38 UTC 2025
Changes made at Fri Dec 26 10:46:29 UTC 2025
Changes made at Fri Dec 26 20:43:11 UTC 2025
Changes made at Fri Dec 26 23:41:53 UTC 2025
Changes made at Sat Dec 27 04:07:31 UTC 2025
Changes made at Sat Dec 27 10:44:30 UTC 2025
Changes made at Sat Dec 27 20:43:43 UTC 2025
Changes made at Sat Dec 27 23:40:42 UTC 2025
Changes made at Sun Dec 28 04:31:12 UTC 2025
Changes made at Sun Dec 28 10:45:10 UTC 2025
Changes made at Sun Dec 28 20:44:12 UTC 2025
Changes made at Sun Dec 28 23:41:47 UTC 2025
Changes made at Mon Dec 29 04:34:42 UTC 2025
Changes made at Mon Dec 29 10:49:03 UTC 2025
Changes made at Mon Dec 29 20:46:08 UTC 2025
Changes made at Mon Dec 29 23:41:30 UTC 2025
Changes made at Tue Dec 30 04:23:08 UTC 2025
Changes made at Tue Dec 30 10:48:18 UTC 2025
Changes made at Tue Dec 30 20:45:21 UTC 2025
Changes made at Tue Dec 30 23:41:01 UTC 2025
Changes made at Wed Dec 31 04:13:14 UTC 2025
Changes made at Wed Dec 31 10:47:10 UTC 2025
Changes made at Wed Dec 31 20:44:21 UTC 2025
Changes made at Wed Dec 31 23:41:36 UTC 2025
Changes made at Thu Jan  1 04:33:36 UTC 2026
Changes made at Thu Jan  1 10:47:45 UTC 2026
Changes made at Thu Jan  1 20:45:27 UTC 2026
Changes made at Thu Jan  1 23:42:02 UTC 2026
Changes made at Fri Jan  2 04:26:06 UTC 2026
Changes made at Fri Jan  2 10:46:10 UTC 2026
Changes made at Fri Jan  2 20:44:31 UTC 2026
Changes made at Fri Jan  2 23:40:43 UTC 2026
Changes made at Sat Jan  3 04:06:55 UTC 2026
Changes made at Sat Jan  3 10:44:49 UTC 2026
Changes made at Sat Jan  3 20:43:54 UTC 2026
Changes made at Sat Jan  3 23:41:31 UTC 2026
Changes made at Sun Jan  4 04:33:56 UTC 2026
Changes made at Sun Jan  4 10:44:29 UTC 2026
Changes made at Sun Jan  4 20:44:46 UTC 2026
Changes made at Sun Jan  4 23:42:15 UTC 2026
Changes made at Mon Jan  5 04:41:35 UTC 2026
Changes made at Mon Jan  5 10:51:38 UTC 2026
Changes made at Mon Jan  5 20:47:29 UTC 2026
Changes made at Mon Jan  5 23:42:27 UTC 2026
Changes made at Tue Jan  6 04:24:38 UTC 2026
Changes made at Tue Jan  6 10:49:57 UTC 2026
Changes made at Tue Jan  6 20:46:08 UTC 2026
Changes made at Tue Jan  6 23:42:03 UTC 2026
Changes made at Wed Jan  7 04:25:41 UTC 2026
Changes made at Wed Jan  7 10:49:57 UTC 2026
Changes made at Wed Jan  7 20:48:36 UTC 2026
Changes made at Wed Jan  7 23:42:23 UTC 2026
Changes made at Thu Jan  8 04:24:53 UTC 2026
